{
  "file_name": "A-n32-k5.vrp",
  "set_name": "A",
  "dimension": 32,
  "optimal_cost": 784,
  "best_cost": 841.5104295747536,
  "deviation": 7.335513976371637,
  "execution_time": 54.66201686859131,
  "best_routes": [
    0,
    30,
    26,
    16,
    12,
    1,
    7,
    0,
    13,
    21,
    31,
    19,
    17,
    6,
    0,
    3,
    2,
    23,
    28,
    4,
    11,
    8,
    18,
    0,
    22,
    9,
    15,
    10,
    25,
    5,
    29,
    20,
    0,
    27,
    24,
    14,
    0
  ],
  "timestamp": "2026-02-15T14:08:43.095725",
  "parameters": {
    "num_ants": 50,
    "num_iterations": 500,
    "alpha": 1.0,
    "beta": 2.0,
    "evaporation_rate": 0.5,
    "initial_pheromone": 1.0
  }
}