{
  "file_name": "A-n37-k6.vrp",
  "set_name": "A",
  "dimension": 37,
  "optimal_cost": 949,
  "best_cost": 1015.4327952716367,
  "deviation": 7.00029454917141,
  "execution_time": 73.02238392829895,
  "best_routes": [
    0,
    7,
    16,
    25,
    35,
    0,
    27,
    32,
    15,
    30,
    13,
    0,
    18,
    4,
    17,
    34,
    31,
    19,
    26,
    0,
    10,
    11,
    12,
    22,
    23,
    28,
    2,
    0,
    9,
    21,
    33,
    1,
    3,
    5,
    8,
    0,
    20,
    6,
    36,
    29,
    24,
    14,
    0
  ],
  "timestamp": "2026-02-15T14:15:08.738390",
  "parameters": {
    "num_ants": 50,
    "num_iterations": 500,
    "alpha": 1.0,
    "beta": 2.0,
    "evaporation_rate": 0.5,
    "initial_pheromone": 1.0
  }
}