{
  "file_name": "A-n33-k6.vrp",
  "set_name": "A",
  "dimension": 33,
  "optimal_cost": 742,
  "best_cost": 796.550668261964,
  "deviation": 7.351842083822642,
  "execution_time": 58.57595610618591,
  "best_routes": [
    0,
    6,
    18,
    1,
    13,
    5,
    7,
    0,
    19,
    29,
    11,
    17,
    10,
    14,
    0,
    32,
    28,
    27,
    30,
    16,
    25,
    0,
    21,
    12,
    0,
    9,
    20,
    15,
    2,
    3,
    8,
    4,
    0,
    22,
    26,
    24,
    23,
    31,
    0
  ],
  "timestamp": "2026-02-15T14:10:38.855988",
  "parameters": {
    "num_ants": 50,
    "num_iterations": 500,
    "alpha": 1.0,
    "beta": 2.0,
    "evaporation_rate": 0.5,
    "initial_pheromone": 1.0
  }
}