{
  "file_name": "A-n61-k9.vrp",
  "set_name": "A",
  "dimension": 61,
  "optimal_cost": 1034,
  "best_cost": 1147.004377481566,
  "deviation": 10.92885662297544,
  "execution_time": 207.77157616615295,
  "best_routes": [
    0,
    50,
    13,
    17,
    57,
    52,
    31,
    11,
    60,
    0,
    28,
    44,
    1,
    16,
    48,
    35,
    18,
    0,
    47,
    56,
    27,
    29,
    36,
    21,
    34,
    51,
    9,
    39,
    0,
    12,
    22,
    4,
    26,
    43,
    32,
    42,
    33,
    0,
    30,
    37,
    45,
    59,
    10,
    49,
    40,
    25,
    0,
    58,
    19,
    23,
    7,
    0,
    14,
    55,
    0,
    38,
    3,
    15,
    0,
    24,
    5,
    54,
    46,
    20,
    6,
    41,
    0,
    53,
    8,
    2,
    0
  ],
  "timestamp": "2026-02-15T14:42:35.307936",
  "parameters": {
    "num_ants": 50,
    "num_iterations": 500,
    "alpha": 1.0,
    "beta": 2.0,
    "evaporation_rate": 0.5,
    "initial_pheromone": 1.0
  }
}