{
  "file_name": "A-n39-k6.vrp",
  "set_name": "A",
  "dimension": 39,
  "optimal_cost": 831,
  "best_cost": 920.8272835840249,
  "deviation": 10.809540744166659,
  "execution_time": 78.56206583976746,
  "best_routes": [
    0,
    13,
    15,
    0,
    24,
    3,
    38,
    12,
    29,
    28,
    9,
    0,
    5,
    26,
    11,
    6,
    1,
    36,
    17,
    23,
    0,
    21,
    18,
    22,
    34,
    27,
    10,
    7,
    8,
    2,
    0,
    19,
    33,
    25,
    35,
    14,
    31,
    37,
    0,
    30,
    20,
    32,
    16,
    4,
    0
  ],
  "timestamp": "2026-02-15T14:18:58.254217",
  "parameters": {
    "num_ants": 50,
    "num_iterations": 500,
    "alpha": 1.0,
    "beta": 2.0,
    "evaporation_rate": 0.5,
    "initial_pheromone": 1.0
  }
}