{
  "file_name": "A-n64-k9.vrp",
  "set_name": "A",
  "dimension": 64,
  "optimal_cost": 1401,
  "best_cost": 1538.8991076779673,
  "deviation": 9.842905615843492,
  "execution_time": 227.4992654323578,
  "best_routes": [
    0,
    6,
    10,
    41,
    56,
    52,
    13,
    61,
    24,
    16,
    0,
    60,
    8,
    46,
    63,
    58,
    2,
    54,
    47,
    32,
    0,
    30,
    27,
    14,
    26,
    35,
    21,
    7,
    40,
    36,
    39,
    44,
    49,
    0,
    55,
    59,
    31,
    50,
    5,
    4,
    0,
    34,
    23,
    37,
    51,
    19,
    9,
    20,
    0,
    62,
    48,
    33,
    0,
    45,
    15,
    11,
    57,
    17,
    1,
    43,
    0,
    28,
    12,
    22,
    18,
    38,
    0,
    29,
    25,
    53,
    3,
    42,
    0
  ],
  "timestamp": "2026-02-15T14:57:19.027075",
  "parameters": {
    "num_ants": 50,
    "num_iterations": 500,
    "alpha": 1.0,
    "beta": 2.0,
    "evaporation_rate": 0.5,
    "initial_pheromone": 1.0
  }
}