{
  "file_name": "A-n39-k5.vrp",
  "set_name": "A",
  "dimension": 39,
  "optimal_cost": 822,
  "best_cost": 943.7556825490167,
  "deviation": 14.812126830780617,
  "execution_time": 77.0494270324707,
  "best_routes": [
    0,
    14,
    4,
    18,
    9,
    12,
    31,
    0,
    1,
    20,
    23,
    29,
    5,
    16,
    7,
    3,
    22,
    0,
    2,
    32,
    10,
    15,
    38,
    17,
    11,
    8,
    21,
    0,
    30,
    13,
    28,
    36,
    6,
    26,
    0,
    27,
    34,
    37,
    35,
    24,
    33,
    25,
    19,
    0
  ],
  "timestamp": "2026-02-15T14:17:39.688264",
  "parameters": {
    "num_ants": 50,
    "num_iterations": 500,
    "alpha": 1.0,
    "beta": 2.0,
    "evaporation_rate": 0.5,
    "initial_pheromone": 1.0
  }
}