{
  "file_name": "A-n62-k8.vrp",
  "set_name": "A",
  "dimension": 62,
  "optimal_cost": 1288,
  "best_cost": 1441.3523432729355,
  "deviation": 11.906237831749651,
  "execution_time": 210.95577263832092,
  "best_routes": [
    0,
    51,
    10,
    8,
    43,
    40,
    61,
    0,
    29,
    32,
    6,
    57,
    55,
    59,
    26,
    0,
    33,
    58,
    17,
    50,
    34,
    31,
    25,
    60,
    5,
    14,
    13,
    38,
    0,
    19,
    2,
    44,
    22,
    37,
    16,
    0,
    36,
    52,
    18,
    30,
    46,
    45,
    47,
    0,
    24,
    3,
    42,
    54,
    9,
    1,
    0,
    11,
    49,
    35,
    4,
    21,
    41,
    23,
    27,
    39,
    53,
    0,
    12,
    48,
    56,
    7,
    20,
    28,
    15,
    0
  ],
  "timestamp": "2026-02-15T14:46:06.267307",
  "parameters": {
    "num_ants": 50,
    "num_iterations": 500,
    "alpha": 1.0,
    "beta": 2.0,
    "evaporation_rate": 0.5,
    "initial_pheromone": 1.0
  }
}