{
  "file_name": "A-n37-k5.vrp",
  "set_name": "A",
  "dimension": 37,
  "optimal_cost": 669,
  "best_cost": 750.012509243036,
  "deviation": 12.109493160394019,
  "execution_time": 69.81459975242615,
  "best_routes": [
    0,
    15,
    34,
    36,
    29,
    32,
    28,
    31,
    26,
    30,
    0,
    35,
    18,
    25,
    8,
    27,
    9,
    24,
    11,
    3,
    1,
    0,
    16,
    22,
    13,
    6,
    5,
    33,
    7,
    0,
    4,
    12,
    10,
    2,
    19,
    20,
    23,
    14,
    17,
    0,
    21,
    0
  ],
  "timestamp": "2026-02-15T14:13:55.711134",
  "parameters": {
    "num_ants": 50,
    "num_iterations": 500,
    "alpha": 1.0,
    "beta": 2.0,
    "evaporation_rate": 0.5,
    "initial_pheromone": 1.0
  }
}