{
  "file_name": "A-n48-k7.vrp",
  "set_name": "A",
  "dimension": 48,
  "optimal_cost": 1073,
  "best_cost": 1180.1915358459414,
  "deviation": 9.98989150474757,
  "execution_time": 119.92162418365479,
  "best_routes": [
    0,
    18,
    44,
    35,
    32,
    36,
    7,
    40,
    45,
    0,
    27,
    15,
    8,
    39,
    26,
    20,
    3,
    0,
    37,
    19,
    38,
    25,
    22,
    6,
    0,
    1,
    5,
    31,
    43,
    23,
    12,
    0,
    28,
    29,
    21,
    30,
    46,
    13,
    4,
    42,
    11,
    24,
    0,
    9,
    34,
    33,
    10,
    2,
    41,
    0,
    47,
    16,
    17,
    14,
    0
  ],
  "timestamp": "2026-02-15T14:28:00.174847",
  "parameters": {
    "num_ants": 50,
    "num_iterations": 500,
    "alpha": 1.0,
    "beta": 2.0,
    "evaporation_rate": 0.5,
    "initial_pheromone": 1.0
  }
}