{
  "file_name": "A-n44-k6.vrp",
  "set_name": "A",
  "dimension": 44,
  "optimal_cost": 937,
  "best_cost": 1002.4413452839055,
  "deviation": 6.984135035635597,
  "execution_time": 100.40064191818237,
  "best_routes": [
    0,
    2,
    41,
    14,
    38,
    9,
    36,
    22,
    6,
    0,
    25,
    29,
    40,
    23,
    30,
    0,
    20,
    16,
    18,
    35,
    1,
    43,
    13,
    0,
    31,
    8,
    15,
    28,
    27,
    24,
    33,
    0,
    26,
    10,
    11,
    37,
    42,
    32,
    21,
    5,
    7,
    0,
    4,
    34,
    39,
    12,
    17,
    3,
    19,
    0
  ],
  "timestamp": "2026-02-15T14:20:38.658901",
  "parameters": {
    "num_ants": 50,
    "num_iterations": 500,
    "alpha": 1.0,
    "beta": 2.0,
    "evaporation_rate": 0.5,
    "initial_pheromone": 1.0
  }
}