{
  "file_name": "A-n46-k7.vrp",
  "set_name": "A",
  "dimension": 46,
  "optimal_cost": 914,
  "best_cost": 1057.1832746596515,
  "deviation": 15.665566155322919,
  "execution_time": 110.60636734962463,
  "best_routes": [
    0,
    31,
    34,
    40,
    1,
    27,
    20,
    41,
    29,
    21,
    0,
    36,
    5,
    32,
    3,
    22,
    39,
    7,
    10,
    0,
    44,
    25,
    18,
    35,
    12,
    0,
    42,
    16,
    24,
    15,
    33,
    8,
    11,
    0,
    19,
    28,
    17,
    45,
    9,
    23,
    14,
    43,
    0,
    6,
    26,
    13,
    30,
    4,
    38,
    0,
    2,
    37,
    0
  ],
  "timestamp": "2026-02-15T14:26:00.250178",
  "parameters": {
    "num_ants": 50,
    "num_iterations": 500,
    "alpha": 1.0,
    "beta": 2.0,
    "evaporation_rate": 0.5,
    "initial_pheromone": 1.0
  }
}