{
  "file_name": "A-n54-k7.vrp",
  "set_name": "A",
  "dimension": 54,
  "optimal_cost": 1167,
  "best_cost": 1286.3895480592223,
  "deviation": 10.23046684312102,
  "execution_time": 153.20118403434753,
  "best_routes": [
    0,
    43,
    4,
    28,
    5,
    18,
    7,
    39,
    50,
    0,
    36,
    1,
    17,
    26,
    45,
    38,
    44,
    0,
    53,
    3,
    22,
    31,
    19,
    0,
    8,
    40,
    48,
    37,
    12,
    2,
    27,
    0,
    14,
    13,
    11,
    9,
    33,
    21,
    0,
    20,
    23,
    35,
    15,
    29,
    49,
    10,
    6,
    32,
    16,
    0,
    52,
    30,
    34,
    41,
    46,
    51,
    42,
    24,
    47,
    25,
    0
  ],
  "timestamp": "2026-02-15T14:33:02.617193",
  "parameters": {
    "num_ants": 50,
    "num_iterations": 500,
    "alpha": 1.0,
    "beta": 2.0,
    "evaporation_rate": 0.5,
    "initial_pheromone": 1.0
  }
}