{
  "file_name": "A-n36-k5.vrp",
  "set_name": "A",
  "dimension": 36,
  "optimal_cost": 799,
  "best_cost": 880.4097466123153,
  "deviation": 10.188954519689023,
  "execution_time": 66.72717523574829,
  "best_routes": [
    0,
    10,
    7,
    26,
    20,
    5,
    0,
    15,
    8,
    35,
    2,
    23,
    34,
    14,
    28,
    0,
    9,
    12,
    6,
    3,
    4,
    19,
    31,
    13,
    17,
    0,
    30,
    29,
    33,
    18,
    32,
    22,
    21,
    0,
    24,
    27,
    25,
    11,
    1,
    16,
    0
  ],
  "timestamp": "2026-02-15T14:12:45.892110",
  "parameters": {
    "num_ants": 50,
    "num_iterations": 500,
    "alpha": 1.0,
    "beta": 2.0,
    "evaporation_rate": 0.5,
    "initial_pheromone": 1.0
  }
}