{
  "file_name": "A-n53-k7.vrp",
  "set_name": "A",
  "dimension": 53,
  "optimal_cost": 1010,
  "best_cost": 1111.0023898725199,
  "deviation": 10.000236621041571,
  "execution_time": 149.23285698890686,
  "best_routes": [
    0,
    9,
    17,
    41,
    24,
    11,
    34,
    52,
    0,
    13,
    21,
    14,
    5,
    3,
    39,
    25,
    0,
    1,
    4,
    28,
    22,
    30,
    44,
    29,
    49,
    36,
    50,
    43,
    23,
    19,
    15,
    32,
    16,
    0,
    48,
    42,
    45,
    12,
    7,
    47,
    0,
    33,
    20,
    6,
    31,
    51,
    27,
    0,
    8,
    46,
    35,
    38,
    0,
    18,
    40,
    26,
    10,
    37,
    2,
    0
  ],
  "timestamp": "2026-02-15T14:30:29.411846",
  "parameters": {
    "num_ants": 50,
    "num_iterations": 500,
    "alpha": 1.0,
    "beta": 2.0,
    "evaporation_rate": 0.5,
    "initial_pheromone": 1.0
  }
}