{
  "file_name": "A-n63-k9.vrp",
  "set_name": "A",
  "dimension": 63,
  "optimal_cost": 1616,
  "best_cost": 1798.0438654269228,
  "deviation": 11.265090682359086,
  "execution_time": 221.42866730690002,
  "best_routes": [
    0,
    26,
    19,
    7,
    25,
    20,
    13,
    60,
    16,
    10,
    0,
    12,
    28,
    22,
    17,
    35,
    51,
    0,
    50,
    58,
    32,
    55,
    40,
    14,
    21,
    53,
    0,
    15,
    44,
    33,
    11,
    56,
    0,
    27,
    45,
    5,
    2,
    30,
    29,
    54,
    0,
    34,
    49,
    8,
    59,
    24,
    61,
    0,
    48,
    36,
    3,
    41,
    42,
    0,
    9,
    38,
    31,
    43,
    46,
    1,
    18,
    47,
    0,
    4,
    62,
    52,
    39,
    23,
    6,
    37,
    57,
    0
  ],
  "timestamp": "2026-02-15T14:53:31.523518",
  "parameters": {
    "num_ants": 50,
    "num_iterations": 500,
    "alpha": 1.0,
    "beta": 2.0,
    "evaporation_rate": 0.5,
    "initial_pheromone": 1.0
  }
}