{
  "file_name": "A-n34-k5.vrp",
  "set_name": "A",
  "dimension": 34,
  "optimal_cost": 778,
  "best_cost": 822.0195258045935,
  "deviation": 5.658036735808935,
  "execution_time": 60.30218434333801,
  "best_routes": [
    0,
    18,
    2,
    16,
    22,
    9,
    12,
    3,
    33,
    0,
    20,
    26,
    4,
    5,
    30,
    0,
    24,
    27,
    23,
    1,
    8,
    0,
    11,
    19,
    17,
    31,
    25,
    28,
    32,
    0,
    14,
    29,
    15,
    6,
    7,
    13,
    10,
    21,
    0
  ],
  "timestamp": "2026-02-15T14:11:39.161212",
  "parameters": {
    "num_ants": 50,
    "num_iterations": 500,
    "alpha": 1.0,
    "beta": 2.0,
    "evaporation_rate": 0.5,
    "initial_pheromone": 1.0
  }
}