{
  "file_name": "A-n80-k10.vrp",
  "set_name": "A",
  "dimension": 80,
  "optimal_cost": 1763,
  "best_cost": 1937.7550091472835,
  "deviation": 9.912365805291182,
  "execution_time": 380.61120414733887,
  "best_routes": [
    0,
    49,
    73,
    36,
    42,
    13,
    40,
    21,
    0,
    1,
    7,
    10,
    71,
    14,
    28,
    52,
    0,
    79,
    48,
    18,
    2,
    37,
    0,
    8,
    68,
    16,
    43,
    61,
    57,
    75,
    20,
    78,
    0,
    60,
    39,
    64,
    33,
    15,
    55,
    9,
    54,
    72,
    76,
    0,
    50,
    45,
    22,
    32,
    4,
    58,
    0,
    38,
    70,
    67,
    66,
    53,
    51,
    77,
    3,
    0,
    74,
    29,
    5,
    44,
    12,
    23,
    62,
    0,
    63,
    11,
    34,
    24,
    6,
    30,
    59,
    0,
    27,
    31,
    17,
    46,
    25,
    41,
    56,
    69,
    65,
    35,
    26,
    19,
    47,
    0
  ],
  "timestamp": "2026-02-15T15:12:03.371694",
  "parameters": {
    "num_ants": 50,
    "num_iterations": 500,
    "alpha": 1.0,
    "beta": 2.0,
    "evaporation_rate": 0.5,
    "initial_pheromone": 1.0
  }
}