{
  "file_name": "A-n33-k5.vrp",
  "set_name": "A",
  "dimension": 33,
  "optimal_cost": 661,
  "best_cost": 674.2528262168383,
  "deviation": 2.004966144756179,
  "execution_time": 57.179033279418945,
  "best_routes": [
    0,
    4,
    12,
    10,
    30,
    25,
    27,
    0,
    5,
    26,
    7,
    8,
    13,
    32,
    20,
    2,
    0,
    24,
    6,
    19,
    14,
    21,
    1,
    31,
    0,
    29,
    16,
    3,
    9,
    17,
    15,
    0,
    22,
    23,
    28,
    18,
    11,
    0
  ],
  "timestamp": "2026-02-15T14:09:40.277361",
  "parameters": {
    "num_ants": 50,
    "num_iterations": 500,
    "alpha": 1.0,
    "beta": 2.0,
    "evaporation_rate": 0.5,
    "initial_pheromone": 1.0
  }
}