{
  "file_name": "A-n69-k9.vrp",
  "set_name": "A",
  "dimension": 69,
  "optimal_cost": 1159,
  "best_cost": 1284.6673223974708,
  "deviation": 10.842737048962105,
  "execution_time": 267.5519347190857,
  "best_routes": [
    0,
    28,
    24,
    43,
    52,
    26,
    54,
    0,
    5,
    46,
    37,
    50,
    16,
    48,
    1,
    36,
    0,
    10,
    32,
    17,
    63,
    11,
    25,
    14,
    42,
    57,
    0,
    34,
    27,
    65,
    55,
    60,
    4,
    47,
    7,
    0,
    31,
    18,
    53,
    2,
    64,
    61,
    67,
    21,
    0,
    6,
    3,
    15,
    44,
    13,
    35,
    45,
    20,
    41,
    59,
    0,
    8,
    39,
    56,
    62,
    40,
    0,
    38,
    68,
    29,
    12,
    22,
    58,
    66,
    0,
    23,
    51,
    30,
    9,
    33,
    49,
    19,
    0
  ],
  "timestamp": "2026-02-15T15:05:42.756401",
  "parameters": {
    "num_ants": 50,
    "num_iterations": 500,
    "alpha": 1.0,
    "beta": 2.0,
    "evaporation_rate": 0.5,
    "initial_pheromone": 1.0
  }
}