{
  "file_name": "A-n65-k9.vrp",
  "set_name": "A",
  "dimension": 65,
  "optimal_cost": 1174,
  "best_cost": 1291.6348545644112,
  "deviation": 10.020004647735194,
  "execution_time": 236.1691436767578,
  "best_routes": [
    0,
    62,
    28,
    23,
    57,
    48,
    11,
    63,
    7,
    0,
    54,
    33,
    1,
    12,
    13,
    19,
    52,
    24,
    0,
    8,
    10,
    59,
    56,
    44,
    0,
    53,
    25,
    21,
    55,
    29,
    18,
    0,
    40,
    58,
    20,
    32,
    45,
    5,
    49,
    0,
    43,
    15,
    22,
    9,
    14,
    27,
    0,
    4,
    35,
    36,
    3,
    37,
    30,
    0,
    60,
    50,
    16,
    41,
    2,
    38,
    42,
    61,
    0,
    47,
    34,
    26,
    31,
    6,
    64,
    46,
    0,
    39,
    51,
    17,
    0
  ],
  "timestamp": "2026-02-15T15:01:15.200216",
  "parameters": {
    "num_ants": 50,
    "num_iterations": 500,
    "alpha": 1.0,
    "beta": 2.0,
    "evaporation_rate": 0.5,
    "initial_pheromone": 1.0
  }
}