{
  "file_name": "A-n60-k9.vrp",
  "set_name": "A",
  "dimension": 60,
  "optimal_cost": 1354,
  "best_cost": 1511.8049752842048,
  "deviation": 11.65472491020715,
  "execution_time": 197.66352438926697,
  "best_routes": [
    0,
    18,
    33,
    52,
    19,
    35,
    55,
    15,
    39,
    50,
    58,
    0,
    24,
    2,
    28,
    31,
    44,
    49,
    53,
    0,
    30,
    36,
    1,
    48,
    22,
    0,
    10,
    54,
    5,
    45,
    42,
    32,
    0,
    9,
    51,
    12,
    56,
    43,
    0,
    26,
    27,
    17,
    57,
    37,
    8,
    0,
    13,
    29,
    7,
    59,
    38,
    0,
    14,
    47,
    23,
    34,
    6,
    40,
    46,
    0,
    25,
    3,
    11,
    4,
    21,
    41,
    16,
    20,
    0
  ],
  "timestamp": "2026-02-15T14:39:07.532298",
  "parameters": {
    "num_ants": 50,
    "num_iterations": 500,
    "alpha": 1.0,
    "beta": 2.0,
    "evaporation_rate": 0.5,
    "initial_pheromone": 1.0
  }
}