{
  "file_name": "A-n45-k7.vrp",
  "set_name": "A",
  "dimension": 45,
  "optimal_cost": 1146,
  "best_cost": 1228.2384681388753,
  "deviation": 7.1761316002508995,
  "execution_time": 105.65188145637512,
  "best_routes": [
    0,
    4,
    6,
    28,
    3,
    11,
    43,
    41,
    0,
    27,
    29,
    31,
    19,
    36,
    0,
    30,
    5,
    22,
    10,
    15,
    0,
    25,
    23,
    42,
    37,
    1,
    17,
    38,
    8,
    0,
    9,
    32,
    13,
    18,
    7,
    16,
    20,
    40,
    0,
    39,
    35,
    34,
    26,
    2,
    12,
    0,
    21,
    24,
    44,
    33,
    14,
    0
  ],
  "timestamp": "2026-02-15T14:24:09.639584",
  "parameters": {
    "num_ants": 50,
    "num_iterations": 500,
    "alpha": 1.0,
    "beta": 2.0,
    "evaporation_rate": 0.5,
    "initial_pheromone": 1.0
  }
}