{
  "file_name": "A-n38-k5.vrp",
  "set_name": "A",
  "dimension": 38,
  "optimal_cost": 730,
  "best_cost": 781.8687207089673,
  "deviation": 7.105304206707852,
  "execution_time": 73.89348602294922,
  "best_routes": [
    0,
    24,
    2,
    13,
    36,
    17,
    15,
    32,
    20,
    7,
    0,
    5,
    22,
    27,
    11,
    37,
    31,
    28,
    0,
    19,
    18,
    34,
    6,
    29,
    10,
    0,
    30,
    26,
    12,
    3,
    1,
    16,
    4,
    25,
    0,
    21,
    9,
    8,
    33,
    35,
    23,
    0,
    14,
    0
  ],
  "timestamp": "2026-02-15T14:16:22.634819",
  "parameters": {
    "num_ants": 50,
    "num_iterations": 500,
    "alpha": 1.0,
    "beta": 2.0,
    "evaporation_rate": 0.5,
    "initial_pheromone": 1.0
  }
}