{
  "file_name": "A-n45-k6.vrp",
  "set_name": "A",
  "dimension": 45,
  "optimal_cost": 944,
  "best_cost": 1051.6004597961842,
  "deviation": 11.398353791968661,
  "execution_time": 105.3218948841095,
  "best_routes": [
    0,
    2,
    25,
    12,
    39,
    36,
    42,
    4,
    16,
    0,
    22,
    15,
    9,
    28,
    7,
    32,
    13,
    0,
    20,
    10,
    3,
    8,
    41,
    33,
    21,
    5,
    0,
    17,
    18,
    43,
    29,
    26,
    27,
    0,
    34,
    11,
    40,
    19,
    30,
    37,
    24,
    0,
    6,
    44,
    1,
    14,
    35,
    31,
    0,
    38,
    23,
    0
  ],
  "timestamp": "2026-02-15T14:22:23.984458",
  "parameters": {
    "num_ants": 50,
    "num_iterations": 500,
    "alpha": 1.0,
    "beta": 2.0,
    "evaporation_rate": 0.5,
    "initial_pheromone": 1.0
  }
}