{
  "file_name": "A-n63-k10.vrp",
  "set_name": "A",
  "dimension": 63,
  "optimal_cost": 1314,
  "best_cost": 1483.2000022640027,
  "deviation": 12.876712501065654,
  "execution_time": 223.82091307640076,
  "best_routes": [
    0,
    52,
    43,
    30,
    38,
    4,
    0,
    26,
    13,
    28,
    57,
    32,
    0,
    44,
    47,
    11,
    34,
    58,
    22,
    51,
    24,
    7,
    21,
    0,
    61,
    54,
    16,
    37,
    60,
    0,
    46,
    23,
    31,
    0,
    55,
    33,
    8,
    35,
    0,
    27,
    6,
    12,
    2,
    9,
    41,
    0,
    1,
    14,
    53,
    49,
    18,
    5,
    59,
    10,
    0,
    19,
    3,
    42,
    45,
    39,
    29,
    56,
    25,
    15,
    0,
    40,
    17,
    50,
    62,
    20,
    48,
    36,
    0
  ],
  "timestamp": "2026-02-15T14:49:50.091622",
  "parameters": {
    "num_ants": 50,
    "num_iterations": 500,
    "alpha": 1.0,
    "beta": 2.0,
    "evaporation_rate": 0.5,
    "initial_pheromone": 1.0
  }
}