{
  "file_name": "A-n55-k9.vrp",
  "set_name": "A",
  "dimension": 55,
  "optimal_cost": 1073,
  "best_cost": 1163.4446678216832,
  "deviation": 8.429139591955563,
  "execution_time": 167.2429165840149,
  "best_routes": [
    0,
    11,
    15,
    2,
    51,
    33,
    0,
    37,
    3,
    17,
    34,
    14,
    46,
    0,
    20,
    26,
    31,
    42,
    7,
    4,
    0,
    30,
    22,
    28,
    19,
    27,
    13,
    54,
    0,
    23,
    24,
    52,
    44,
    48,
    50,
    18,
    0,
    29,
    41,
    25,
    36,
    8,
    21,
    12,
    0,
    32,
    10,
    5,
    53,
    40,
    16,
    38,
    47,
    0,
    39,
    9,
    35,
    49,
    43,
    0,
    6,
    1,
    45,
    0
  ],
  "timestamp": "2026-02-15T14:35:49.865249",
  "parameters": {
    "num_ants": 50,
    "num_iterations": 500,
    "alpha": 1.0,
    "beta": 2.0,
    "evaporation_rate": 0.5,
    "initial_pheromone": 1.0
  }
}