{
  "file_name": "B-n38-k6.vrp",
  "set_name": "B",
  "dimension": 38,
  "optimal_cost": 805,
  "best_cost": 823.9727609929637,
  "deviation": 2.356864719622818,
  "execution_time": 75.41358828544617,
  "best_routes": [
    0,
    36,
    17,
    8,
    34,
    24,
    29,
    12,
    27,
    5,
    0,
    7,
    25,
    4,
    18,
    33,
    23,
    0,
    30,
    37,
    2,
    35,
    13,
    28,
    21,
    0,
    14,
    15,
    20,
    10,
    1,
    0,
    6,
    19,
    9,
    31,
    16,
    26,
    0,
    22,
    11,
    32,
    3,
    0
  ],
  "timestamp": "2026-02-15T15:16:15.369507",
  "parameters": {
    "num_ants": 50,
    "num_iterations": 500,
    "alpha": 1.0,
    "beta": 2.0,
    "evaporation_rate": 0.5,
    "initial_pheromone": 1.0
  }
}