{
  "file_name": "B-n57-k7.vrp",
  "set_name": "B",
  "dimension": 57,
  "optimal_cost": 1153,
  "best_cost": 1206.3183299684279,
  "deviation": 4.624313093532338,
  "execution_time": 173.77229523658752,
  "best_routes": [
    0,
    41,
    19,
    34,
    17,
    26,
    18,
    56,
    0,
    38,
    36,
    53,
    12,
    25,
    28,
    8,
    9,
    51,
    0,
    52,
    50,
    30,
    2,
    42,
    22,
    14,
    39,
    0,
    37,
    7,
    32,
    47,
    43,
    20,
    0,
    15,
    11,
    31,
    6,
    45,
    3,
    0,
    10,
    21,
    44,
    49,
    24,
    13,
    33,
    0,
    5,
    46,
    23,
    27,
    48,
    16,
    1,
    55,
    54,
    35,
    0,
    40,
    29,
    4,
    0
  ],
  "timestamp": "2026-02-15T15:40:29.509865",
  "parameters": {
    "num_ants": 50,
    "num_iterations": 500,
    "alpha": 1.0,
    "beta": 2.0,
    "evaporation_rate": 0.5,
    "initial_pheromone": 1.0
  }
}