{
  "file_name": "B-n39-k5.vrp",
  "set_name": "B",
  "dimension": 39,
  "optimal_cost": 549,
  "best_cost": 597.5193858421289,
  "deviation": 8.83777519893059,
  "execution_time": 77.18722462654114,
  "best_routes": [
    0,
    38,
    27,
    17,
    35,
    4,
    36,
    28,
    0,
    31,
    3,
    5,
    15,
    11,
    12,
    1,
    25,
    0,
    32,
    26,
    2,
    33,
    21,
    24,
    37,
    23,
    30,
    16,
    22,
    0,
    20,
    19,
    34,
    7,
    9,
    29,
    0,
    8,
    14,
    13,
    10,
    18,
    6,
    0
  ],
  "timestamp": "2026-02-15T15:17:32.560497",
  "parameters": {
    "num_ants": 50,
    "num_iterations": 500,
    "alpha": 1.0,
    "beta": 2.0,
    "evaporation_rate": 0.5,
    "initial_pheromone": 1.0
  }
}