{
  "file_name": "B-n66-k9.vrp",
  "set_name": "B",
  "dimension": 66,
  "optimal_cost": 1316,
  "best_cost": 1426.0305482323413,
  "deviation": 8.36098390823262,
  "execution_time": 243.37507343292236,
  "best_routes": [
    0,
    41,
    20,
    53,
    54,
    17,
    18,
    0,
    23,
    55,
    34,
    51,
    43,
    13,
    0,
    56,
    22,
    19,
    35,
    38,
    57,
    11,
    31,
    45,
    0,
    7,
    30,
    61,
    47,
    50,
    28,
    16,
    0,
    62,
    25,
    48,
    37,
    59,
    44,
    64,
    0,
    63,
    46,
    26,
    10,
    2,
    6,
    0,
    24,
    12,
    49,
    9,
    39,
    14,
    29,
    3,
    15,
    0,
    60,
    4,
    21,
    36,
    5,
    27,
    42,
    0,
    32,
    58,
    40,
    8,
    65,
    33,
    1,
    52,
    0
  ],
  "timestamp": "2026-02-15T15:55:01.541794",
  "parameters": {
    "num_ants": 50,
    "num_iterations": 500,
    "alpha": 1.0,
    "beta": 2.0,
    "evaporation_rate": 0.5,
    "initial_pheromone": 1.0
  }
}