{
  "file_name": "B-n68-k9.vrp",
  "set_name": "B",
  "dimension": 68,
  "optimal_cost": 1272,
  "best_cost": 1344.0410253384007,
  "deviation": 5.6636026209434505,
  "execution_time": 259.85880994796753,
  "best_routes": [
    0,
    31,
    64,
    27,
    47,
    35,
    60,
    0,
    4,
    65,
    43,
    66,
    13,
    46,
    0,
    7,
    5,
    14,
    62,
    54,
    16,
    34,
    44,
    0,
    48,
    9,
    45,
    12,
    59,
    30,
    21,
    20,
    52,
    17,
    0,
    26,
    51,
    61,
    22,
    2,
    41,
    37,
    0,
    8,
    49,
    57,
    29,
    0,
    42,
    36,
    67,
    32,
    6,
    58,
    10,
    24,
    18,
    28,
    0,
    11,
    3,
    40,
    55,
    23,
    39,
    50,
    0,
    38,
    53,
    19,
    63,
    25,
    1,
    56,
    33,
    15,
    0
  ],
  "timestamp": "2026-02-15T16:03:34.589887",
  "parameters": {
    "num_ants": 50,
    "num_iterations": 500,
    "alpha": 1.0,
    "beta": 2.0,
    "evaporation_rate": 0.5,
    "initial_pheromone": 1.0
  }
}