{
  "file_name": "B-n45-k5.vrp",
  "set_name": "B",
  "dimension": 45,
  "optimal_cost": 751,
  "best_cost": 813.6048999111856,
  "deviation": 8.336205048093955,
  "execution_time": 104.2471673488617,
  "best_routes": [
    0,
    20,
    35,
    38,
    31,
    3,
    24,
    27,
    14,
    34,
    7,
    0,
    44,
    18,
    37,
    32,
    15,
    2,
    0,
    13,
    9,
    1,
    36,
    23,
    17,
    30,
    39,
    0,
    28,
    42,
    40,
    12,
    6,
    22,
    43,
    41,
    5,
    8,
    21,
    0,
    4,
    16,
    29,
    11,
    25,
    26,
    19,
    33,
    0,
    10,
    0
  ],
  "timestamp": "2026-02-15T15:24:02.278667",
  "parameters": {
    "num_ants": 50,
    "num_iterations": 500,
    "alpha": 1.0,
    "beta": 2.0,
    "evaporation_rate": 0.5,
    "initial_pheromone": 1.0
  }
}