{
  "file_name": "B-n56-k7.vrp",
  "set_name": "B",
  "dimension": 56,
  "optimal_cost": 707,
  "best_cost": 757.2413809574548,
  "deviation": 7.106277363147778,
  "execution_time": 164.41572093963623,
  "best_routes": [
    0,
    53,
    6,
    24,
    41,
    45,
    29,
    42,
    37,
    0,
    15,
    7,
    47,
    39,
    26,
    21,
    4,
    19,
    0,
    18,
    46,
    10,
    8,
    28,
    17,
    51,
    14,
    44,
    0,
    40,
    5,
    12,
    23,
    50,
    22,
    38,
    9,
    43,
    0,
    54,
    34,
    30,
    2,
    31,
    20,
    55,
    11,
    33,
    49,
    13,
    0,
    3,
    36,
    32,
    48,
    27,
    52,
    1,
    0,
    16,
    35,
    25,
    0
  ],
  "timestamp": "2026-02-15T15:37:35.732928",
  "parameters": {
    "num_ants": 50,
    "num_iterations": 500,
    "alpha": 1.0,
    "beta": 2.0,
    "evaporation_rate": 0.5,
    "initial_pheromone": 1.0
  }
}