{
  "file_name": "B-n52-k7.vrp",
  "set_name": "B",
  "dimension": 52,
  "optimal_cost": 747,
  "best_cost": 782.3461507360361,
  "deviation": 4.731747086484078,
  "execution_time": 140.8756914138794,
  "best_routes": [
    0,
    41,
    40,
    42,
    20,
    18,
    30,
    1,
    0,
    44,
    10,
    29,
    27,
    8,
    5,
    51,
    0,
    37,
    47,
    33,
    35,
    43,
    7,
    0,
    48,
    2,
    38,
    16,
    9,
    34,
    32,
    19,
    15,
    49,
    17,
    0,
    22,
    26,
    46,
    13,
    4,
    45,
    23,
    0,
    12,
    50,
    14,
    39,
    24,
    31,
    3,
    28,
    11,
    21,
    0,
    25,
    36,
    6,
    0
  ],
  "timestamp": "2026-02-15T15:34:51.312906",
  "parameters": {
    "num_ants": 50,
    "num_iterations": 500,
    "alpha": 1.0,
    "beta": 2.0,
    "evaporation_rate": 0.5,
    "initial_pheromone": 1.0
  }
}