{
  "file_name": "B-n78-k10.vrp",
  "set_name": "B",
  "dimension": 78,
  "optimal_cost": 1221,
  "best_cost": 1349.754871167901,
  "deviation": 10.545034493685586,
  "execution_time": 359.17745661735535,
  "best_routes": [
    0,
    46,
    34,
    12,
    15,
    22,
    71,
    8,
    0,
    51,
    45,
    31,
    73,
    76,
    32,
    7,
    0,
    57,
    75,
    37,
    70,
    30,
    5,
    49,
    0,
    63,
    27,
    47,
    65,
    2,
    44,
    23,
    0,
    77,
    26,
    11,
    64,
    40,
    53,
    68,
    10,
    25,
    0,
    18,
    16,
    42,
    66,
    60,
    6,
    62,
    0,
    61,
    50,
    39,
    74,
    28,
    19,
    9,
    4,
    0,
    48,
    13,
    33,
    55,
    35,
    59,
    36,
    14,
    41,
    0,
    54,
    20,
    3,
    29,
    1,
    52,
    24,
    0,
    21,
    43,
    69,
    67,
    38,
    72,
    17,
    58,
    56,
    0
  ],
  "timestamp": "2026-02-15T16:09:33.771652",
  "parameters": {
    "num_ants": 50,
    "num_iterations": 500,
    "alpha": 1.0,
    "beta": 2.0,
    "evaporation_rate": 0.5,
    "initial_pheromone": 1.0
  }
}