{
  "file_name": "B-n57-k9.vrp",
  "set_name": "B",
  "dimension": 57,
  "optimal_cost": 1598,
  "best_cost": 1667.812706520471,
  "deviation": 4.368755101406196,
  "execution_time": 176.60061383247375,
  "best_routes": [
    0,
    38,
    12,
    48,
    33,
    35,
    49,
    30,
    0,
    4,
    1,
    54,
    43,
    45,
    0,
    24,
    52,
    27,
    18,
    28,
    9,
    0,
    31,
    55,
    17,
    10,
    46,
    50,
    3,
    0,
    40,
    32,
    22,
    56,
    6,
    0,
    7,
    20,
    42,
    11,
    14,
    34,
    44,
    0,
    13,
    16,
    23,
    2,
    37,
    0,
    19,
    39,
    26,
    51,
    25,
    15,
    8,
    21,
    0,
    36,
    47,
    5,
    41,
    29,
    53,
    0
  ],
  "timestamp": "2026-02-15T15:43:26.115196",
  "parameters": {
    "num_ants": 50,
    "num_iterations": 500,
    "alpha": 1.0,
    "beta": 2.0,
    "evaporation_rate": 0.5,
    "initial_pheromone": 1.0
  }
}