{
  "file_name": "B-n44-k7.vrp",
  "set_name": "B",
  "dimension": 44,
  "optimal_cost": 909,
  "best_cost": 990.7820094366846,
  "deviation": 8.996920730108315,
  "execution_time": 102.07251310348511,
  "best_routes": [
    0,
    7,
    16,
    18,
    29,
    32,
    19,
    6,
    0,
    21,
    34,
    41,
    37,
    13,
    4,
    0,
    8,
    30,
    42,
    22,
    38,
    11,
    9,
    0,
    17,
    5,
    40,
    1,
    12,
    28,
    25,
    20,
    0,
    39,
    24,
    26,
    14,
    36,
    2,
    3,
    0,
    15,
    33,
    43,
    31,
    27,
    35,
    0,
    10,
    23,
    0
  ],
  "timestamp": "2026-02-15T15:22:18.026245",
  "parameters": {
    "num_ants": 50,
    "num_iterations": 500,
    "alpha": 1.0,
    "beta": 2.0,
    "evaporation_rate": 0.5,
    "initial_pheromone": 1.0
  }
}