{
  "file_name": "B-n35-k5.vrp",
  "set_name": "B",
  "dimension": 35,
  "optimal_cost": 955,
  "best_cost": 989.8666591204908,
  "deviation": 3.6509590702084602,
  "execution_time": 63.43496513366699,
  "best_routes": [
    0,
    16,
    10,
    9,
    7,
    20,
    1,
    23,
    17,
    29,
    0,
    13,
    32,
    2,
    19,
    11,
    30,
    22,
    5,
    0,
    15,
    28,
    4,
    14,
    24,
    27,
    34,
    0,
    18,
    26,
    3,
    33,
    6,
    31,
    25,
    21,
    0,
    8,
    12,
    0
  ],
  "timestamp": "2026-02-15T15:14:59.952722",
  "parameters": {
    "num_ants": 50,
    "num_iterations": 500,
    "alpha": 1.0,
    "beta": 2.0,
    "evaporation_rate": 0.5,
    "initial_pheromone": 1.0
  }
}