{
  "file_name": "B-n51-k7.vrp",
  "set_name": "B",
  "dimension": 51,
  "optimal_cost": 1032,
  "best_cost": 1064.0866465767097,
  "deviation": 3.109171179913726,
  "execution_time": 137.70138692855835,
  "best_routes": [
    0,
    15,
    23,
    50,
    45,
    47,
    25,
    46,
    22,
    24,
    0,
    30,
    49,
    9,
    20,
    1,
    44,
    21,
    0,
    43,
    26,
    28,
    7,
    6,
    14,
    0,
    41,
    27,
    31,
    37,
    32,
    12,
    8,
    0,
    48,
    33,
    19,
    3,
    35,
    0,
    2,
    38,
    34,
    10,
    17,
    40,
    36,
    5,
    16,
    0,
    18,
    39,
    29,
    13,
    0,
    42,
    4,
    11,
    0
  ],
  "timestamp": "2026-02-15T15:32:30.433428",
  "parameters": {
    "num_ants": 50,
    "num_iterations": 500,
    "alpha": 1.0,
    "beta": 2.0,
    "evaporation_rate": 0.5,
    "initial_pheromone": 1.0
  }
}