{
  "file_name": "B-n50-k7.vrp",
  "set_name": "B",
  "dimension": 50,
  "optimal_cost": 741,
  "best_cost": 806.13305226567,
  "deviation": 8.789885595906885,
  "execution_time": 130.88869214057922,
  "best_routes": [
    0,
    49,
    34,
    15,
    6,
    2,
    48,
    17,
    44,
    19,
    32,
    0,
    28,
    40,
    0,
    45,
    36,
    5,
    20,
    11,
    37,
    8,
    21,
    0,
    39,
    26,
    13,
    1,
    0,
    46,
    38,
    9,
    23,
    29,
    35,
    4,
    12,
    22,
    0,
    33,
    47,
    41,
    31,
    10,
    42,
    3,
    0,
    16,
    27,
    43,
    24,
    14,
    18,
    25,
    30,
    7,
    0
  ],
  "timestamp": "2026-02-15T15:27:59.215759",
  "parameters": {
    "num_ants": 50,
    "num_iterations": 500,
    "alpha": 1.0,
    "beta": 2.0,
    "evaporation_rate": 0.5,
    "initial_pheromone": 1.0
  }
}