{
  "file_name": "B-n41-k6.vrp",
  "set_name": "B",
  "dimension": 41,
  "optimal_cost": 829,
  "best_cost": 869.0685492077962,
  "deviation": 4.833359373678673,
  "execution_time": 87.86516118049622,
  "best_routes": [
    0,
    9,
    37,
    21,
    18,
    3,
    2,
    35,
    24,
    0,
    25,
    4,
    39,
    38,
    27,
    19,
    0,
    26,
    5,
    15,
    31,
    22,
    30,
    13,
    0,
    8,
    36,
    32,
    12,
    23,
    0,
    10,
    40,
    20,
    16,
    7,
    29,
    0,
    14,
    17,
    28,
    1,
    11,
    33,
    34,
    6,
    0
  ],
  "timestamp": "2026-02-15T15:19:00.430032",
  "parameters": {
    "num_ants": 50,
    "num_iterations": 500,
    "alpha": 1.0,
    "beta": 2.0,
    "evaporation_rate": 0.5,
    "initial_pheromone": 1.0
  }
}