{
  "file_name": "B-n63-k10.vrp",
  "set_name": "B",
  "dimension": 63,
  "optimal_cost": 1496,
  "best_cost": 1623.5825728043726,
  "deviation": 8.528246845212074,
  "execution_time": 222.43297004699707,
  "best_routes": [
    0,
    37,
    10,
    61,
    42,
    22,
    34,
    39,
    0,
    62,
    2,
    21,
    51,
    52,
    19,
    25,
    35,
    0,
    26,
    6,
    33,
    41,
    14,
    58,
    54,
    0,
    12,
    43,
    24,
    17,
    11,
    23,
    53,
    38,
    57,
    0,
    44,
    16,
    40,
    3,
    31,
    4,
    0,
    49,
    56,
    46,
    59,
    30,
    8,
    0,
    9,
    47,
    15,
    55,
    13,
    0,
    32,
    48,
    28,
    29,
    60,
    5,
    0,
    50,
    18,
    1,
    27,
    7,
    20,
    0,
    36,
    45,
    0
  ],
  "timestamp": "2026-02-15T15:47:08.552456",
  "parameters": {
    "num_ants": 50,
    "num_iterations": 500,
    "alpha": 1.0,
    "beta": 2.0,
    "evaporation_rate": 0.5,
    "initial_pheromone": 1.0
  }
}