{
  "file_name": "B-n50-k8.vrp",
  "set_name": "B",
  "dimension": 50,
  "optimal_cost": 1312,
  "best_cost": 1416.3414553571477,
  "deviation": 7.952854829050889,
  "execution_time": 133.50802493095398,
  "best_routes": [
    0,
    34,
    48,
    40,
    44,
    6,
    31,
    30,
    20,
    27,
    12,
    0,
    37,
    9,
    33,
    36,
    11,
    43,
    49,
    25,
    0,
    7,
    14,
    3,
    13,
    22,
    38,
    0,
    46,
    23,
    10,
    35,
    41,
    45,
    0,
    39,
    1,
    21,
    8,
    42,
    0,
    17,
    28,
    32,
    29,
    19,
    0,
    5,
    15,
    0,
    2,
    16,
    24,
    4,
    18,
    26,
    47,
    0
  ],
  "timestamp": "2026-02-15T15:30:12.727267",
  "parameters": {
    "num_ants": 50,
    "num_iterations": 500,
    "alpha": 1.0,
    "beta": 2.0,
    "evaporation_rate": 0.5,
    "initial_pheromone": 1.0
  }
}