{
  "file_name": "B-n43-k6.vrp",
  "set_name": "B",
  "dimension": 43,
  "optimal_cost": 742,
  "best_cost": 776.8144824167998,
  "deviation": 4.691978762371943,
  "execution_time": 95.51550817489624,
  "best_routes": [
    0,
    4,
    35,
    27,
    32,
    29,
    25,
    40,
    41,
    0,
    20,
    33,
    5,
    21,
    18,
    19,
    14,
    28,
    37,
    0,
    23,
    1,
    2,
    8,
    12,
    31,
    0,
    38,
    15,
    16,
    7,
    17,
    39,
    34,
    42,
    26,
    0,
    9,
    10,
    36,
    6,
    24,
    22,
    0,
    3,
    11,
    13,
    30,
    0
  ],
  "timestamp": "2026-02-15T15:20:35.949673",
  "parameters": {
    "num_ants": 50,
    "num_iterations": 500,
    "alpha": 1.0,
    "beta": 2.0,
    "evaporation_rate": 0.5,
    "initial_pheromone": 1.0
  }
}