{
  "file_name": "B-n64-k9.vrp",
  "set_name": "B",
  "dimension": 64,
  "optimal_cost": 861,
  "best_cost": 936.4312290962049,
  "deviation": 8.760886073891394,
  "execution_time": 229.60481476783752,
  "best_routes": [
    0,
    32,
    3,
    9,
    37,
    12,
    10,
    18,
    0,
    50,
    61,
    47,
    29,
    0,
    11,
    28,
    56,
    13,
    16,
    17,
    31,
    8,
    0,
    21,
    27,
    38,
    34,
    40,
    54,
    0,
    41,
    46,
    30,
    7,
    26,
    62,
    52,
    1,
    0,
    23,
    25,
    39,
    42,
    63,
    2,
    20,
    0,
    57,
    58,
    45,
    44,
    53,
    6,
    0,
    19,
    15,
    24,
    5,
    4,
    14,
    59,
    35,
    48,
    0,
    60,
    36,
    22,
    55,
    51,
    33,
    0,
    49,
    43,
    0
  ],
  "timestamp": "2026-02-15T15:50:58.162061",
  "parameters": {
    "num_ants": 50,
    "num_iterations": 500,
    "alpha": 1.0,
    "beta": 2.0,
    "evaporation_rate": 0.5,
    "initial_pheromone": 1.0
  }
}