{
  "file_name": "B-n31-k5.vrp",
  "set_name": "B",
  "dimension": 31,
  "optimal_cost": 672,
  "best_cost": 679.4778751937487,
  "deviation": 1.1127790466887908,
  "execution_time": 51.632299184799194,
  "best_routes": [
    0,
    3,
    1,
    19,
    24,
    11,
    15,
    14,
    0,
    21,
    25,
    5,
    18,
    16,
    4,
    29,
    0,
    22,
    9,
    6,
    13,
    17,
    30,
    0,
    7,
    23,
    12,
    8,
    28,
    26,
    0,
    2,
    10,
    27,
    20,
    0
  ],
  "timestamp": "2026-02-15T15:12:55.008796",
  "parameters": {
    "num_ants": 50,
    "num_iterations": 500,
    "alpha": 1.0,
    "beta": 2.0,
    "evaporation_rate": 0.5,
    "initial_pheromone": 1.0
  }
}