{
  "file_name": "B-n45-k6.vrp",
  "set_name": "B",
  "dimension": 45,
  "optimal_cost": 678,
  "best_cost": 745.9215866274039,
  "deviation": 10.017933130885536,
  "execution_time": 106.04019570350647,
  "best_routes": [
    0,
    9,
    21,
    31,
    41,
    38,
    0,
    35,
    44,
    33,
    40,
    15,
    18,
    34,
    6,
    20,
    0,
    7,
    3,
    19,
    37,
    23,
    32,
    12,
    39,
    8,
    22,
    0,
    28,
    27,
    4,
    29,
    43,
    16,
    0,
    30,
    5,
    1,
    42,
    25,
    0,
    26,
    13,
    11,
    10,
    36,
    2,
    17,
    14,
    24,
    0
  ],
  "timestamp": "2026-02-15T15:25:48.323789",
  "parameters": {
    "num_ants": 50,
    "num_iterations": 500,
    "alpha": 1.0,
    "beta": 2.0,
    "evaporation_rate": 0.5,
    "initial_pheromone": 1.0
  }
}