{
  "file_name": "B-n67-k10.vrp",
  "set_name": "B",
  "dimension": 67,
  "optimal_cost": 1032,
  "best_cost": 1135.1376167106794,
  "deviation": 9.99395510762397,
  "execution_time": 253.18038320541382,
  "best_routes": [
    0,
    13,
    28,
    5,
    15,
    56,
    0,
    58,
    12,
    45,
    52,
    22,
    54,
    55,
    21,
    25,
    63,
    0,
    48,
    9,
    47,
    26,
    18,
    31,
    0,
    33,
    2,
    66,
    16,
    43,
    27,
    10,
    38,
    0,
    17,
    41,
    51,
    59,
    24,
    29,
    0,
    7,
    23,
    8,
    32,
    65,
    37,
    0,
    6,
    34,
    53,
    39,
    0,
    42,
    44,
    40,
    64,
    36,
    4,
    46,
    14,
    50,
    0,
    11,
    35,
    49,
    1,
    19,
    20,
    0,
    60,
    3,
    57,
    30,
    61,
    62,
    0
  ],
  "timestamp": "2026-02-15T15:59:14.727119",
  "parameters": {
    "num_ants": 50,
    "num_iterations": 500,
    "alpha": 1.0,
    "beta": 2.0,
    "evaporation_rate": 0.5,
    "initial_pheromone": 1.0
  }
}