{
  "file_name": "B-n34-k5.vrp",
  "set_name": "B",
  "dimension": 34,
  "optimal_cost": 788,
  "best_cost": 805.737318312332,
  "deviation": 2.2509287198390906,
  "execution_time": 61.500338315963745,
  "best_routes": [
    0,
    15,
    28,
    13,
    31,
    17,
    25,
    6,
    5,
    0,
    1,
    19,
    18,
    16,
    14,
    27,
    29,
    24,
    3,
    0,
    26,
    8,
    20,
    4,
    21,
    7,
    2,
    0,
    22,
    32,
    33,
    10,
    23,
    12,
    0,
    11,
    30,
    9,
    0
  ],
  "timestamp": "2026-02-15T15:13:56.513098",
  "parameters": {
    "num_ants": 50,
    "num_iterations": 500,
    "alpha": 1.0,
    "beta": 2.0,
    "evaporation_rate": 0.5,
    "initial_pheromone": 1.0
  }
}