{
  "file_name": "E-n76-k7.vrp",
  "set_name": "E",
  "dimension": 76,
  "optimal_cost": 682,
  "best_cost": 796.5138888201321,
  "deviation": 16.79089278887568,
  "execution_time": 324.26926350593567,
  "best_routes": [
    0,
    73,
    1,
    43,
    41,
    42,
    64,
    22,
    61,
    69,
    36,
    71,
    60,
    70,
    20,
    37,
    0,
    57,
    15,
    5,
    29,
    48,
    47,
    21,
    74,
    28,
    62,
    2,
    0,
    16,
    63,
    33,
    56,
    23,
    49,
    24,
    18,
    50,
    32,
    44,
    3,
    0,
    65,
    38,
    11,
    66,
    59,
    14,
    19,
    54,
    13,
    0,
    27,
    52,
    34,
    46,
    8,
    35,
    7,
    53,
    26,
    67,
    0,
    4,
    45,
    30,
    68,
    6,
    51,
    17,
    40,
    12,
    75,
    0,
    58,
    72,
    39,
    9,
    25,
    55,
    31,
    10,
    0
  ],
  "timestamp": "2026-02-15T16:53:52.133609",
  "parameters": {
    "num_ants": 50,
    "num_iterations": 500,
    "alpha": 1.0,
    "beta": 2.0,
    "evaporation_rate": 0.5,
    "initial_pheromone": 1.0
  }
}