{
  "file_name": "E-n101-k8.vrp",
  "set_name": "E",
  "dimension": 101,
  "optimal_cost": 815,
  "best_cost": 990.58273484636,
  "deviation": 21.543893846179145,
  "execution_time": 646.1754100322723,
  "best_routes": [
    0,
    61,
    16,
    44,
    14,
    38,
    86,
    17,
    84,
    5,
    60,
    83,
    18,
    52,
    0,
    69,
    1,
    50,
    76,
    77,
    3,
    79,
    78,
    34,
    35,
    71,
    9,
    51,
    20,
    30,
    70,
    0,
    31,
    88,
    7,
    82,
    48,
    47,
    36,
    49,
    64,
    63,
    32,
    0,
    66,
    65,
    33,
    81,
    29,
    24,
    80,
    68,
    12,
    26,
    28,
    0,
    53,
    58,
    40,
    21,
    73,
    72,
    74,
    22,
    41,
    75,
    56,
    39,
    4,
    55,
    25,
    0,
    54,
    67,
    23,
    2,
    57,
    15,
    43,
    42,
    87,
    97,
    92,
    59,
    99,
    96,
    0,
    93,
    98,
    37,
    100,
    91,
    85,
    8,
    45,
    46,
    10,
    90,
    11,
    19,
    62,
    0,
    27,
    89,
    6,
    94,
    95,
    13,
    0
  ],
  "timestamp": "2026-02-15T16:31:42.844350",
  "parameters": {
    "num_ants": 50,
    "num_iterations": 500,
    "alpha": 1.0,
    "beta": 2.0,
    "evaporation_rate": 0.5,
    "initial_pheromone": 1.0
  }
}