{
  "file_name": "E-n101-k14.vrp",
  "set_name": "E",
  "dimension": 101,
  "optimal_cost": 1067,
  "best_cost": 1264.0762713434897,
  "deviation": 18.47012852328863,
  "execution_time": 682.887095451355,
  "best_routes": [
    0,
    95,
    97,
    92,
    59,
    99,
    96,
    13,
    0,
    87,
    2,
    57,
    15,
    43,
    42,
    14,
    91,
    100,
    37,
    0,
    98,
    93,
    85,
    61,
    16,
    0,
    44,
    38,
    86,
    17,
    84,
    5,
    60,
    0,
    83,
    18,
    8,
    45,
    46,
    47,
    36,
    49,
    0,
    64,
    11,
    19,
    62,
    10,
    90,
    32,
    63,
    0,
    20,
    66,
    65,
    35,
    71,
    9,
    51,
    0,
    33,
    81,
    29,
    24,
    12,
    26,
    53,
    0,
    58,
    40,
    21,
    73,
    72,
    74,
    22,
    41,
    0,
    75,
    56,
    39,
    23,
    67,
    0,
    4,
    55,
    25,
    54,
    80,
    68,
    77,
    0,
    3,
    79,
    78,
    34,
    30,
    70,
    31,
    0,
    88,
    7,
    82,
    48,
    52,
    89,
    6,
    0,
    94,
    27,
    69,
    1,
    50,
    76,
    28,
    0
  ],
  "timestamp": "2026-02-15T16:20:56.664163",
  "parameters": {
    "num_ants": 50,
    "num_iterations": 500,
    "alpha": 1.0,
    "beta": 2.0,
    "evaporation_rate": 0.5,
    "initial_pheromone": 1.0
  }
}