{
  "file_name": "E-n76-k10.vrp",
  "set_name": "E",
  "dimension": 76,
  "optimal_cost": 830,
  "best_cost": 956.1053566628846,
  "deviation": 15.193416465407777,
  "execution_time": 339.47109293937683,
  "best_routes": [
    0,
    67,
    34,
    46,
    8,
    52,
    27,
    0,
    45,
    29,
    5,
    37,
    69,
    36,
    71,
    60,
    70,
    20,
    0,
    15,
    57,
    13,
    54,
    19,
    35,
    7,
    53,
    0,
    14,
    59,
    66,
    11,
    65,
    0,
    38,
    10,
    58,
    72,
    39,
    9,
    0,
    32,
    44,
    3,
    16,
    63,
    23,
    56,
    49,
    0,
    24,
    18,
    50,
    25,
    55,
    31,
    0,
    33,
    73,
    1,
    43,
    41,
    42,
    64,
    22,
    0,
    62,
    28,
    61,
    21,
    47,
    48,
    0,
    30,
    74,
    2,
    68,
    6,
    51,
    17,
    0,
    40,
    12,
    26,
    4,
    75,
    0
  ],
  "timestamp": "2026-02-15T16:42:31.624618",
  "parameters": {
    "num_ants": 50,
    "num_iterations": 500,
    "alpha": 1.0,
    "beta": 2.0,
    "evaporation_rate": 0.5,
    "initial_pheromone": 1.0
  }
}