{
  "file_name": "E-n51-k5.vrp",
  "set_name": "E",
  "dimension": 51,
  "optimal_cost": 521,
  "best_cost": 621.1488102804766,
  "deviation": 19.222420399323724,
  "execution_time": 131.62841701507568,
  "best_routes": [
    0,
    27,
    6,
    14,
    25,
    13,
    41,
    19,
    42,
    40,
    0,
    18,
    4,
    17,
    37,
    44,
    15,
    45,
    33,
    10,
    49,
    9,
    0,
    50,
    16,
    29,
    21,
    34,
    30,
    39,
    5,
    38,
    11,
    0,
    32,
    1,
    22,
    28,
    31,
    26,
    8,
    48,
    23,
    7,
    43,
    24,
    0,
    2,
    3,
    20,
    35,
    36,
    12,
    47,
    46,
    0
  ],
  "timestamp": "2026-02-15T16:36:52.148611",
  "parameters": {
    "num_ants": 50,
    "num_iterations": 500,
    "alpha": 1.0,
    "beta": 2.0,
    "evaporation_rate": 0.5,
    "initial_pheromone": 1.0
  }
}