{
  "file_name": "E-n76-k14.vrp",
  "set_name": "E",
  "dimension": 76,
  "optimal_cost": 1021,
  "best_cost": 1152.576938485018,
  "deviation": 12.887065473557099,
  "execution_time": 356.23197197914124,
  "best_routes": [
    0,
    75,
    68,
    6,
    51,
    17,
    12,
    0,
    40,
    32,
    44,
    3,
    0,
    49,
    24,
    18,
    50,
    25,
    55,
    0,
    31,
    9,
    39,
    72,
    58,
    0,
    10,
    38,
    65,
    11,
    0,
    66,
    53,
    14,
    0,
    59,
    19,
    54,
    13,
    57,
    15,
    0,
    5,
    47,
    21,
    61,
    22,
    0,
    28,
    74,
    48,
    29,
    45,
    0,
    27,
    52,
    34,
    46,
    8,
    0,
    35,
    7,
    67,
    26,
    0,
    4,
    30,
    2,
    62,
    0,
    73,
    1,
    43,
    41,
    42,
    64,
    0,
    69,
    71,
    60,
    70,
    20,
    37,
    36,
    0,
    33,
    63,
    23,
    56,
    16,
    0
  ],
  "timestamp": "2026-02-15T16:48:27.861507",
  "parameters": {
    "num_ants": 50,
    "num_iterations": 500,
    "alpha": 1.0,
    "beta": 2.0,
    "evaporation_rate": 0.5,
    "initial_pheromone": 1.0
  }
}