{
  "file_name": "E-n22-k4.vrp",
  "set_name": "E",
  "dimension": 22,
  "optimal_cost": 375,
  "best_cost": 389.4168809759945,
  "deviation": 3.8445015935985336,
  "execution_time": 29.57552194595337,
  "best_routes": [
    0,
    14,
    17,
    21,
    19,
    13,
    0,
    11,
    4,
    3,
    2,
    1,
    6,
    8,
    0,
    10,
    5,
    7,
    9,
    12,
    0,
    15,
    18,
    20,
    16,
    0
  ],
  "timestamp": "2026-02-15T16:32:26.781442",
  "parameters": {
    "num_ants": 50,
    "num_iterations": 500,
    "alpha": 1.0,
    "beta": 2.0,
    "evaporation_rate": 0.5,
    "initial_pheromone": 1.0
  }
}