{
  "file_name": "E-n30-k3.vrp",
  "set_name": "E",
  "dimension": 30,
  "optimal_cost": 534,
  "best_cost": 568.3417550711015,
  "deviation": 6.431040275487169,
  "execution_time": 47.29778051376343,
  "best_routes": [
    0,
    18,
    23,
    12,
    11,
    10,
    15,
    16,
    13,
    7,
    17,
    9,
    8,
    14,
    19,
    20,
    22,
    0,
    3,
    4,
    5,
    1,
    6,
    24,
    25,
    29,
    27,
    28,
    26,
    0,
    21,
    0,
    2,
    0
  ],
  "timestamp": "2026-02-15T16:33:43.914036",
  "parameters": {
    "num_ants": 50,
    "num_iterations": 500,
    "alpha": 1.0,
    "beta": 2.0,
    "evaporation_rate": 0.5,
    "initial_pheromone": 1.0
  }
}