{
  "file_name": "E-n33-k4.vrp",
  "set_name": "E",
  "dimension": 33,
  "optimal_cost": 835,
  "best_cost": 874.3804178978379,
  "deviation": 4.716217712315916,
  "execution_time": 56.59736132621765,
  "best_routes": [
    0,
    3,
    2,
    12,
    11,
    32,
    8,
    9,
    10,
    7,
    6,
    5,
    0,
    4,
    19,
    18,
    22,
    21,
    20,
    23,
    24,
    16,
    28,
    29,
    0,
    26,
    27,
    25,
    17,
    15,
    0,
    14,
    1,
    13,
    31,
    30,
    0
  ],
  "timestamp": "2026-02-15T16:34:40.515500",
  "parameters": {
    "num_ants": 50,
    "num_iterations": 500,
    "alpha": 1.0,
    "beta": 2.0,
    "evaporation_rate": 0.5,
    "initial_pheromone": 1.0
  }
}