{
  "file_name": "E-n23-k3.vrp",
  "set_name": "E",
  "dimension": 23,
  "optimal_cost": 569,
  "best_cost": 576.8181271723208,
  "deviation": 1.3740118053287924,
  "execution_time": 29.827483892440796,
  "best_routes": [
    0,
    12,
    11,
    13,
    9,
    8,
    4,
    5,
    21,
    7,
    0,
    18,
    19,
    20,
    22,
    17,
    14,
    16,
    15,
    3,
    2,
    1,
    6,
    0,
    10,
    0
  ],
  "timestamp": "2026-02-15T16:32:56.613203",
  "parameters": {
    "num_ants": 50,
    "num_iterations": 500,
    "alpha": 1.0,
    "beta": 2.0,
    "evaporation_rate": 0.5,
    "initial_pheromone": 1.0
  }
}