{
  "file_name": "E-n76-k8.vrp",
  "set_name": "E",
  "dimension": 76,
  "optimal_cost": 735,
  "best_cost": 860.8708802297402,
  "deviation": 17.125289827175543,
  "execution_time": 328.2552514076233,
  "best_routes": [
    0,
    75,
    68,
    6,
    51,
    17,
    40,
    12,
    26,
    67,
    0,
    4,
    45,
    29,
    27,
    52,
    34,
    46,
    8,
    35,
    0,
    7,
    53,
    14,
    59,
    66,
    11,
    65,
    0,
    38,
    10,
    58,
    72,
    39,
    9,
    32,
    44,
    3,
    0,
    16,
    63,
    33,
    73,
    1,
    22,
    28,
    74,
    30,
    2,
    0,
    48,
    47,
    36,
    71,
    60,
    70,
    20,
    37,
    5,
    15,
    57,
    13,
    0,
    54,
    19,
    31,
    55,
    25,
    50,
    18,
    24,
    49,
    23,
    56,
    0,
    41,
    42,
    43,
    64,
    61,
    69,
    21,
    62,
    0
  ],
  "timestamp": "2026-02-15T16:59:20.391699",
  "parameters": {
    "num_ants": 50,
    "num_iterations": 500,
    "alpha": 1.0,
    "beta": 2.0,
    "evaporation_rate": 0.5,
    "initial_pheromone": 1.0
  }
}